{"54": [{"reward": -6.161917745001364, "success": false, "cost": 1.0}, {"reward": -6.681376120129865, "success": false, "cost": 1.0}]}